/*
 Navicat Premium Data Transfer

 Source Server         : 阿里云
 Source Server Type    : MySQL
 Source Server Version : 50641
 Source Host           : 47.105.71.127
 Source Database       : bioglan

 Target Server Type    : MySQL
 Target Server Version : 50641
 File Encoding         : utf-8

 Date: 09/13/2018 14:53:36 PM
*/

SET NAMES utf8mb4;
SET FOREIGN_KEY_CHECKS = 0;

-- ----------------------------
--  Table structure for `S_QUESTION`
-- ----------------------------
DROP TABLE IF EXISTS `S_QUESTION`;
CREATE TABLE `S_QUESTION` (
  `question` varchar(250) DEFAULT NULL,
  `id` varchar(32) NOT NULL,
  `options` varchar(250) DEFAULT NULL,
  `answer` varchar(10) DEFAULT NULL,
  `score` double(8,0) DEFAULT NULL,
  `include_image` tinyint(1) DEFAULT NULL,
  `type` int(1) DEFAULT NULL,
  `second_question` varchar(250) DEFAULT NULL,
  PRIMARY KEY (`id`)
) ENGINE=InnoDB DEFAULT CHARSET=utf8;

-- ----------------------------
--  Records of `S_QUESTION`
-- ----------------------------
BEGIN;
INSERT INTO `S_QUESTION` VALUES ('由于澳大利亚对动物的保护有严格规定，游客只能在哪个州抱考拉合照?', 'd2c80e997c264377b30382eb479dbc01', 'A.维多利亚州;B.新南威尔士州;C.西澳大利亚州;D.昆士兰州', 'D', '10', '0', '0', ''), ('澳大利亚被划分为几个州和几个领地?', 'd2c80e997c264377b30382eb479dbc02', 'A.5个州，2个领地;B.5个州，3个领地;C.6个州，2个领地;D.6个州，3个领地', 'C', '10', '0', '0', ''), ('澳大利亚地势最低处位于什么地方?', 'd2c80e997c264377b30382eb479dbc03', 'A.大堡礁;B.墨累河;C.艾尔湖', 'C', '10', '0', '0', ''), ('澳大利亚的人多还是袋鼠多？', 'd2c80e997c264377b30382eb479dbc04', 'A.袋鼠多;B.澳大利亚人多', 'B', '10', '0', '0', ''), ('澳大利亚的国土面积，在世界上排名第几位？?', 'd2c80e997c264377b30382eb479dbc05', '第一位;B.第二位;C.第六位;D.第十位', 'C', '10', '0', '0', ''), ('澳大利亚的第一和第二大城市，分别是？?', 'd2c80e997c264377b30382eb479dbc06', 'A.悉尼、墨尔本;B.墨尔本、悉尼;C.悉尼、阿德莱德;D.墨尔本、珀斯', 'A', '10', '0', '0', ''), ('澳大利亚最大的河流是?', 'd2c80e997c264377b30382eb479dbc07', 'A.墨累河;B.泰晤士河;C.尼罗河;D.底格里斯河', 'A', '10', '0', '0', ''), ('汉堡王来到澳洲叫什么?', 'd2c80e997c264377b30382eb479dbc08', 'A.Pie Face;B.Macca’s;C.Hungry Jack’s', 'C', '10', '0', '0', ''), ('澳大利亚人最情有独钟的咖啡是什么?', 'd2c80e997c264377b30382eb479dbc09', 'A.Latte;B.Flat White;C.Black Coffee', 'B', '10', '0', '0', ''), ('袋鼠为什么会在澳洲国徽上?', 'd2c80e997c264377b30382eb479dbc10', 'A.长相可爱;B.跳得高;C.肉好吃，有营养;袋鼠只能向前移动，不能后退', 'D', '10', '0', '0', ''), ('以下哪项是澳大利亚人发明的?', 'd2c80e997c264377b30382eb479dbc11', 'A.Wi-Fi;B.空调;C.手机', 'A', '10', '0', '0', ''), ('澳大利亚的国旗上有几颗星?', 'd2c80e997c264377b30382eb479dbc12', 'A.四颗;B.五颗;C.六颗;D.八颗', 'C', '10', '0', '0', ''), ('澳大利亚国歌Advance Australia Fair, 是在哪一年被选中的?', 'd2c80e997c264377b30382eb479dbc13', 'A.1984年;B.1985年;C.1986年;D.1987年', 'A', '10', '0', '0', ''), ('澳大利亚俚语“Arvo”的意思是?', 'd2c80e997c264377b30382eb479dbc14', 'A.到达;B.下午;C.我怎么知道', 'B', '10', '0', '0', ''), ('澳洲土著旗的颜色是什么?', 'd2c80e997c264377b30382eb479dbc15', 'A.黑、红、黄;B.绿、白、黑;C.蓝、白、绿', 'A', '10', '0', '0', ''), ('澳大利亚的Boxing Day是什么时候?', 'd2c80e997c264377b30382eb479dbc16', 'A.12月25日;B.12月26日;C.12月27日', 'B', '10', '0', '0', ''), ('澳大利亚的国家宝石是什么?', 'd2c80e997c264377b30382eb479dbc17', 'A.澳宝;B.金;C.钻石', 'A', '10', '0', '0', ''), ('澳大利亚的澳新军团日（ANZAC Day）,是哪一天?', 'd2c80e997c264377b30382eb479dbc18', 'A.10月1日;B.4月25日;C.1月26日', 'B', '10', '0', '0', ''), ('澳大利亚最大的州是哪个', 'd2c80e997c264377b30382eb479dbc19', 'A.昆士兰州;B.南澳大利亚;C.西澳大利亚州', 'C', '10', '0', '0', ''), ('悉尼歌剧院的设计灵感是从哪来的', 'd2c80e997c264377b30382eb479dbc20', 'A.帆船;B.贝壳;C.橘子瓣', 'C', '10', '0', '0', ''), ('../../images/timu/image1.png', 'd2c80e997c264377b30382eb479dbc21', 'A.55555;B.1;C.我数学不好', 'A', '10', '0', '1', ''), ('../../images/timu/image2.png', 'd2c80e997c264377b30382eb479dbc22', 'A.11个;B.12个;C.10个', 'A', '10', '0', '1', '刚的出现的圆圈中有几个点?'), ('../../images/timu/image3.png', 'd2c80e997c264377b30382eb479dbc23', 'A.42;B.17;C.9', 'B', '10', '0', '1', '刚出现的一组数字中第5个数字是什么?'), ('../../images/timu/image4.png', 'd2c80e997c264377b30382eb479dbc24', 'A.鼠标;B.汽车;C.钢笔', 'B', '10', '0', '1', '请问,刚出现的倒数第2个物件是什么'), ('../../images/timu/image5.png', 'd2c80e997c264377b30382eb479dbc25', 'A.白色;B.蓝色;C.红色', 'C', '10', '0', '1', '上图中,床上的毯子是什么颜色的'), ('../../images/timu/image6.png', 'd2c80e997c264377b30382eb479dbc26', 'A.绿色;B.黄色;C.红色', 'C', '10', '0', '1', '请问,正方形是什么颜色的'), ('../../images/timu/image7.png', 'd2c80e997c264377b30382eb479dbc27', 'A.停在家里了;B.停在LG2;C.停在LG3', 'B', '10', '0', '1', '请问,我把车停哪了'), ('../../images/timu/image8.png', 'd2c80e997c264377b30382eb479dbc28', 'A.iPhone;B.紫毛衣;C.手套', 'C', '10', '0', '1', '请问,我把什么弄丢了'), ('../../images/timu/image9.png', 'd2c80e997c264377b30382eb479dbc29', 'A.1,4,6,11,14;B.1,4,5,8,14;C.1,4,7,11,15', 'A', '10', '1', '1', '../../images/timu/image21.png'), ('../../images/timu/image10.png', 'd2c80e997c264377b30382eb479dbc30', 'A.1,4,6,11,14;B.1,4,6,9,16;C.1,3,8,11,15', 'B', '10', '1', '1', '../../images/timu/image21.png'), ('../../images/timu/image11.png', 'd2c80e997c264377b30382eb479dbc31', 'A.1,4,6,11,14;B.4,9,11,14,16;C.1,5,7,11,15', 'B', '10', '1', '1', '../../images/timu/image21.png'), ('../../images/timu/image12.png', 'd2c80e997c264377b30382eb479dbc32', 'A.红、橙、黄、绿、紫、蓝;B.蓝、橙、黄、绿、紫、红;C.红、橙、黄、绿、蓝、紫', 'C', '10', '0', '1', '请问从1-6,方块的颜色依次为'), ('../../images/timu/image13.png', 'd2c80e997c264377b30382eb479dbc33', 'A.左边的;B.右边的;C.我怎么知道', 'B', '10', '0', '1', '哪一个才是真正的皮卡丘'), ('Bioglan的中文名字是什么', 'd2c80e997c264377b30382eb479dbc34', 'A.宝兰;B.宝蓝;C.宝来;D.不管叫什么我都买', 'A', '10', '0', '0', ''), ('../../images/timu/image15.png', 'd2c80e997c264377b30382eb479dbc35', 'A.8个;B.9个;C.10个', 'A', '10', '0', '1', '请问,刚刚一共出现了几个数字'), ('../../images/timu/image16.png', 'd2c80e997c264377b30382eb479dbc36', 'A.牙刷;B.生气;C.大雪', 'C', '10', '0', '1', '请问,7号对应的是什么'), ('../../images/timu/image17.png', 'd2c80e997c264377b30382eb479dbc37', 'A.1842年;B.1492年;C.1876年', 'B', '10', '0', '1', '请问,哥伦布什么时候到达的美洲'), ('../../images/timu/image18.png', 'd2c80e997c264377b30382eb479dbc38', 'A.扫把;B.橘猫;C.枕头和毯子', 'C', '10', '0', '1', '请问,刚刚图片里小女孩手里拿了什么'), ('../../images/timu/image19.png', 'd2c80e997c264377b30382eb479dbc39', 'A.灰色;B.绿色;C.橙色', 'C', '10', '0', '1', '请问,数字最大的圈圈是什么颜色'), ('../../images/timu/image20.png', 'd2c80e997c264377b30382eb479dbc40', 'A.绿色;B.黄色;C.橙色;D.蓝色', 'A', '10', '0', '1', '请问,数字2位于什么颜色的圈里面');
COMMIT;

-- ----------------------------
--  Table structure for `S_RECORD`
-- ----------------------------
DROP TABLE IF EXISTS `S_RECORD`;
CREATE TABLE `S_RECORD` (
  `create_time` datetime DEFAULT NULL,
  `open_id` varchar(32) DEFAULT NULL,
  `id` varchar(32) NOT NULL DEFAULT '',
  PRIMARY KEY (`id`)
) ENGINE=InnoDB DEFAULT CHARSET=utf8;

-- ----------------------------
--  Records of `S_RECORD`
-- ----------------------------
BEGIN;
INSERT INTO `S_RECORD` VALUES ('2018-09-11 10:07:22', 'oUoUr5B6thWN3G4wEmCylr9xSmos', '05a8a9d05e4e40acb16b9bd1744533e2'), ('2018-09-11 10:47:43', 'oUoUr5B6thWN3G4wEmCylr9xSmos', '060f3ccb5d6445b6873901d0cad33f44'), ('2018-09-11 13:57:57', 'oUoUr5B6thWN3G4wEmCylr9xSmos', '082ccef0f0b0403c911ac37820348b73'), ('2018-09-11 09:59:13', 'oUoUr5ADKQt5Zr8gUCor6lAJGMJk', '08c2dd13849a476bb4d51aca5155a58f'), ('2018-09-12 10:41:52', 'oUoUr5B6thWN3G4wEmCylr9xSmos', '0a938f2b3b4649c28d18439bd970a1c6'), ('2018-09-12 17:23:48', 'oUoUr5ADKQt5Zr8gUCor6lAJGMJk', '0aa885eff69f45629df3affadf5c1647'), ('2018-09-11 15:40:26', 'oUoUr5B6thWN3G4wEmCylr9xSmos', '0d0fab3755604c32baea615f85812860'), ('2018-09-11 17:28:13', 'oUoUr5ADKQt5Zr8gUCor6lAJGMJk', '0fec4b0aaa2e4a149e13768989aea9c5'), ('2018-09-11 17:34:44', 'oUoUr5B6thWN3G4wEmCylr9xSmos', '1035e2d5fed3469a962f5726d5075196'), ('2018-09-12 17:27:13', 'oUoUr5B6thWN3G4wEmCylr9xSmos', '10eb9502b1bc4fedb378aa0938266155'), ('2018-09-12 10:48:12', 'oUoUr5B6thWN3G4wEmCylr9xSmos', '137a3f45cabc47bb8b46dd67ebf72669'), ('2018-09-11 10:19:28', 'oUoUr5B6thWN3G4wEmCylr9xSmos', '14864301fc3247acbd0a9fcaf287f3c5'), ('2018-09-11 15:30:47', 'oUoUr5B6thWN3G4wEmCylr9xSmos', '1681627bd0b3486cb6f56d6fe90c5a4e'), ('2018-09-11 13:57:24', 'oUoUr5B6thWN3G4wEmCylr9xSmos', '17549549f3364e888d3c16f89144a97b'), ('2018-09-11 16:42:32', 'oUoUr5B6thWN3G4wEmCylr9xSmos', '17a044c001e94a4c80384fa5f7fecd84'), ('2018-09-10 21:49:23', 'oUoUr5ADKQt5Zr8gUCor6lAJGMJk', '19fc1028b1ad4838acbaabfb0dc6e5a5'), ('2018-09-12 10:38:54', 'oUoUr5B6thWN3G4wEmCylr9xSmos', '1b22dd13c98e4ee78b79a8faf9846553'), ('2018-09-11 09:59:17', 'oUoUr5ADKQt5Zr8gUCor6lAJGMJk', '1cf94a8c42b8407da3397753c5487f24'), ('2018-09-12 10:37:43', 'oUoUr5B6thWN3G4wEmCylr9xSmos', '1d23397a55bf41389b0d223aa46eaea3'), ('2018-09-11 17:28:52', 'oUoUr5ADKQt5Zr8gUCor6lAJGMJk', '1e9bcf01b122414f8cd0554138fb5ed8'), ('2018-09-11 16:56:19', 'oUoUr5B6thWN3G4wEmCylr9xSmos', '207208ba261c492a900722b698e6705b'), ('2018-09-11 15:01:28', 'oUoUr5B6thWN3G4wEmCylr9xSmos', '21074d0865c142b5a5d0cb70760c66ff'), ('2018-09-10 21:48:31', 'oUoUr5ADKQt5Zr8gUCor6lAJGMJk', '21e93ae651834069a2c05e7f09613e9d'), ('2018-09-11 16:50:23', 'oUoUr5B6thWN3G4wEmCylr9xSmos', '2294cfa97f5b4a858ce575056c1f88fc'), ('2018-09-12 17:23:48', 'oUoUr5ADKQt5Zr8gUCor6lAJGMJk', '22c6e7cfd43a482cab3c013ee7a9bd8d'), ('2018-09-11 11:30:57', 'oUoUr5B6thWN3G4wEmCylr9xSmos', '258e919e50a641cba3e16d21c071bd12'), ('2018-09-11 09:56:13', 'oUoUr5B6thWN3G4wEmCylr9xSmos', '25d980405bfe4753968293d314bc2515'), ('2018-09-11 10:47:16', 'oUoUr5B6thWN3G4wEmCylr9xSmos', '27e8d5a59ad44c4eb71faf518b7f4211'), ('2018-09-12 10:43:11', 'oUoUr5B6thWN3G4wEmCylr9xSmos', '2e5898a2fc3a4406a89f142e8eba6055'), ('2018-09-11 11:31:14', 'oUoUr5B6thWN3G4wEmCylr9xSmos', '3076892340bf445d9465ce17c19bbbd0'), ('2018-09-13 10:19:52', 'oUoUr5ADKQt5Zr8gUCor6lAJGMJk', '3082857dadc34c288fdebe68cd42f835'), ('2018-09-11 17:31:18', 'oUoUr5B6thWN3G4wEmCylr9xSmos', '31762c3211014746934912b120e31958'), ('2018-09-11 10:04:09', 'oUoUr5B6thWN3G4wEmCylr9xSmos', '31a7d3522e174edf98024b1bc04accc9'), ('2018-09-12 17:23:48', 'oUoUr5ADKQt5Zr8gUCor6lAJGMJk', '363274527d3b4c7881561b9a70b6f3f3'), ('2018-09-12 17:27:29', 'oUoUr5B6thWN3G4wEmCylr9xSmos', '3b18471cbbb344988b864f74e06a9ac5'), ('2018-09-11 13:52:32', 'oUoUr5B6thWN3G4wEmCylr9xSmos', '3b66d6a823b349efac133d451cfe0b41'), ('2018-09-12 17:27:54', 'oUoUr5B6thWN3G4wEmCylr9xSmos', '40139ca8d4a34cfdaf5cf1ab0544a8ba'), ('2018-09-12 17:27:55', 'oUoUr5B6thWN3G4wEmCylr9xSmos', '46cd802012ef45769b06aeb4f02157f3'), ('2018-09-11 13:56:18', 'oUoUr5B6thWN3G4wEmCylr9xSmos', '46daf5b1729d4e61b12d3d87725cf725'), ('2018-09-12 10:35:07', 'oUoUr5B6thWN3G4wEmCylr9xSmos', '476c550bb4b34348844fb8e3a39af2cf'), ('2018-09-11 16:51:35', 'oUoUr5B6thWN3G4wEmCylr9xSmos', '4890f72838cb4d49a5657c97c7f05807'), ('2018-09-12 11:14:20', 'oUoUr5B6thWN3G4wEmCylr9xSmos', '4c60183bcbca4d6da83834927f2986cb'), ('2018-09-13 14:15:58', 'oUoUr5B6thWN3G4wEmCylr9xSmos', '4d0cbd77c4124817919cf5cdf3ba3ea2'), ('2018-09-11 10:20:47', 'oUoUr5B6thWN3G4wEmCylr9xSmos', '4d84c2d0c9d64f9aa9f258152a24b737'), ('2018-09-12 10:37:29', 'oUoUr5B6thWN3G4wEmCylr9xSmos', '527d8d48d53046609aa22abe7923da5f'), ('2018-09-11 16:59:27', 'oUoUr5B6thWN3G4wEmCylr9xSmos', '54da6bf247a046ff8aa4073d71cef040'), ('2018-09-12 17:30:51', 'oUoUr5B6thWN3G4wEmCylr9xSmos', '56c425036eff402db438acd0ea7a86c0'), ('2018-09-12 17:24:35', 'oUoUr5ADKQt5Zr8gUCor6lAJGMJk', '58a0ac2b63f748a7811c6a625675f20c'), ('2018-09-11 16:43:31', 'oUoUr5B6thWN3G4wEmCylr9xSmos', '5a06d861cafc46d191a3012b1e1ce905'), ('2018-09-11 16:49:40', 'oUoUr5B6thWN3G4wEmCylr9xSmos', '5b5b059f009b4c328c6eeb06138d1ca6'), ('2018-09-12 17:30:00', 'oUoUr5B6thWN3G4wEmCylr9xSmos', '5d9a8848240641778b467a7bc78a72a4'), ('2018-09-11 10:17:41', 'oUoUr5B6thWN3G4wEmCylr9xSmos', '5df1904782a548d39c50d2a654578462'), ('2018-09-12 11:30:02', 'oUoUr5B6thWN3G4wEmCylr9xSmos', '5fa80e5753824f548865df95b4417321'), ('2018-09-11 15:39:28', 'oUoUr5B6thWN3G4wEmCylr9xSmos', '606fb27f13a144f68913deb47a35d5c9'), ('2018-09-11 10:16:53', 'oUoUr5B6thWN3G4wEmCylr9xSmos', '617f8311340047dbbf78433d2a211a7a'), ('2018-09-12 10:43:47', 'oUoUr5B6thWN3G4wEmCylr9xSmos', '6277d1bb4a8540adb387e541fbbe4637'), ('2018-09-12 17:23:49', 'oUoUr5ADKQt5Zr8gUCor6lAJGMJk', '636e8e7343a84010b135848ecc8b3cca'), ('2018-09-13 14:16:54', 'oUoUr5B6thWN3G4wEmCylr9xSmos', '64acd1591013422ab3511b5763929816'), ('2018-09-11 09:42:12', 'oUoUr5B6thWN3G4wEmCylr9xSmos', '666f99d9c2834973999a736ae42b46c8'), ('2018-09-11 10:46:02', 'oUoUr5B6thWN3G4wEmCylr9xSmos', '668359aa7f8f4a8ea9b41cd971355233'), ('2018-09-12 10:37:56', 'oUoUr5B6thWN3G4wEmCylr9xSmos', '6737a35ea45c49f5ae1dca19ffc14915'), ('2018-09-11 11:33:22', 'oUoUr5B6thWN3G4wEmCylr9xSmos', '68c0b12bf5ed4bd581a05522e90a874a'), ('2018-09-13 10:19:52', 'oUoUr5ADKQt5Zr8gUCor6lAJGMJk', '68dcbbbe78a04bdb8c4af80a7ed18bc4'), ('2018-09-11 09:36:09', 'oUoUr5ADKQt5Zr8gUCor6lAJGMJk', '6dbd2b7126144418b45028d9b4147304'), ('2018-09-11 16:54:15', 'oUoUr5B6thWN3G4wEmCylr9xSmos', '70c28a19c2164f12949de2ffe8397c24'), ('2018-09-11 17:12:04', 'oUoUr5ADKQt5Zr8gUCor6lAJGMJk', '71afc07359134bb391e6cf4956332d2a'), ('2018-09-12 10:34:29', 'oUoUr5B6thWN3G4wEmCylr9xSmos', '722c2fe67b1747a6939f236ea2753a39'), ('2018-09-12 10:37:03', 'oUoUr5B6thWN3G4wEmCylr9xSmos', '730883c2931b48a489e1f94367ba92a1'), ('2018-09-11 09:44:35', 'oUoUr5B6thWN3G4wEmCylr9xSmos', '738caa11e4ff4478b0abb3839b2b0ff0'), ('2018-09-11 16:52:29', 'oUoUr5B6thWN3G4wEmCylr9xSmos', '7e184b4eefd840e7984f7e4082a7aba7'), ('2018-09-11 10:43:06', 'oUoUr5B6thWN3G4wEmCylr9xSmos', '7e2c07f5767a4403b0e98d166795651d'), ('2018-09-12 10:41:08', 'oUoUr5B6thWN3G4wEmCylr9xSmos', '7e91fa90426b44baa71dec191b332298'), ('2018-09-11 16:51:20', 'oUoUr5B6thWN3G4wEmCylr9xSmos', '802a4d145fb344db8e0f28b104442bb3'), ('2018-09-12 10:33:42', 'oUoUr5B6thWN3G4wEmCylr9xSmos', '814fad80eae94619a81d5a4c975f2db3'), ('2018-09-11 23:25:14', 'oUoUr5ADKQt5Zr8gUCor6lAJGMJk', '85046d97b98b4dd5bd79a85c0c36a19f'), ('2018-09-11 17:26:25', 'oUoUr5ADKQt5Zr8gUCor6lAJGMJk', '8a31b16f72be4b5e94daa50729a48dec'), ('2018-09-11 09:54:01', 'oUoUr5ADKQt5Zr8gUCor6lAJGMJk', '8b549355e4ad442abdbbf2c113935ade'), ('2018-09-11 11:27:13', 'oUoUr5B6thWN3G4wEmCylr9xSmos', '8b6a88a4b18a4368b37d38b13849e45d'), ('2018-09-11 16:47:34', 'oUoUr5B6thWN3G4wEmCylr9xSmos', '8cd5c666d3414cff946c4f0741f03c9a'), ('2018-09-11 16:57:17', 'oUoUr5B6thWN3G4wEmCylr9xSmos', '8d80aa00ceb341beaff7fa519481845c'), ('2018-09-12 10:39:15', 'oUoUr5B6thWN3G4wEmCylr9xSmos', '8da40e3921844bf6ac82567927451011'), ('2018-09-12 10:39:25', 'oUoUr5B6thWN3G4wEmCylr9xSmos', '8ff3637bd0c748978e0bd071ac843ecb'), ('2018-09-11 09:40:10', 'oUoUr5B6thWN3G4wEmCylr9xSmos', '94b60f43c3f54ee9ac79981b5a8eb400'), ('2018-09-12 10:41:49', 'oUoUr5B6thWN3G4wEmCylr9xSmos', '9dc3a8d60a1944bd9987ee7403cde50c'), ('2018-09-11 11:34:57', 'oUoUr5B6thWN3G4wEmCylr9xSmos', '9ebef0cb173a4baa8be7e64d55505ab2'), ('2018-09-11 16:48:20', 'oUoUr5B6thWN3G4wEmCylr9xSmos', '9ed7f0c3ea6f463199a20345f7d903d9'), ('2018-09-11 16:50:49', 'oUoUr5B6thWN3G4wEmCylr9xSmos', 'a29d46353efe490f9e3bca096892ad58'), ('2018-09-12 17:23:48', 'oUoUr5ADKQt5Zr8gUCor6lAJGMJk', 'a4df9f5d67b0407f8a74ee1c87ce3ab3'), ('2018-09-11 14:59:49', 'oUoUr5B6thWN3G4wEmCylr9xSmos', 'a641d6a76a9445559b8ddc58282a1817'), ('2018-09-11 16:52:12', 'oUoUr5B6thWN3G4wEmCylr9xSmos', 'a6633988c19d4c2a8f7894bd8f37bd46'), ('2018-09-13 14:33:34', 'oUoUr5B6thWN3G4wEmCylr9xSmos', 'adba45157c4546aeb30d26a119c48519'), ('2018-09-11 15:04:38', 'oUoUr5B6thWN3G4wEmCylr9xSmos', 'adfc5fa694eb416099a1ac008f0e0237'), ('2018-09-12 11:29:00', 'oUoUr5B6thWN3G4wEmCylr9xSmos', 'ae13a2a7c21242689b08ddd7803ee9eb'), ('2018-09-12 10:42:11', 'oUoUr5B6thWN3G4wEmCylr9xSmos', 'af53addd852e4a7d84b7136192370755'), ('2018-09-11 09:59:09', 'oUoUr5ADKQt5Zr8gUCor6lAJGMJk', 'b18acae22bba4921bef3bfb8bdfa7e36'), ('2018-09-12 10:42:38', 'oUoUr5B6thWN3G4wEmCylr9xSmos', 'b733290978ab42ed91c5ad9284da49ee'), ('2018-09-12 10:39:58', 'oUoUr5B6thWN3G4wEmCylr9xSmos', 'bc63d3573ced44b6aaa46bf08815aaa8'), ('2018-09-12 17:29:57', 'oUoUr5B6thWN3G4wEmCylr9xSmos', 'bcf8af4f061f492fa2994125130293dd'), ('2018-09-12 17:30:09', 'oUoUr5B6thWN3G4wEmCylr9xSmos', 'c33c4ea1e5264ef4993df1d0ea8f4374'), ('2018-09-11 15:05:58', 'oUoUr5B6thWN3G4wEmCylr9xSmos', 'cdff4194a0724fb9a3c388c3420b02be'), ('2018-09-12 10:39:44', 'oUoUr5B6thWN3G4wEmCylr9xSmos', 'ce4512e26335427a9f927282af6c3b09'), ('2018-09-12 17:30:07', 'oUoUr5B6thWN3G4wEmCylr9xSmos', 'd09407733ac14975bd029b21f78e6221'), ('2018-09-11 09:39:49', 'oUoUr5B6thWN3G4wEmCylr9xSmos', 'd7a580a48c2d48b893e09cc3350bca91'), ('2018-09-12 10:40:12', 'oUoUr5B6thWN3G4wEmCylr9xSmos', 'db9a44bb9b534f62b290fb00af560a5b'), ('2018-09-11 14:55:17', '12314', 'dd34b22767c8460291fd833554cbeb16'), ('2018-09-12 10:44:53', 'oUoUr5B6thWN3G4wEmCylr9xSmos', 'ddeff85befe6479ea25cea67ff3f4296'), ('2018-09-11 16:58:08', 'oUoUr5B6thWN3G4wEmCylr9xSmos', 'de6c3a9dba7140469ceee5fb890f37f8'), ('2018-09-11 16:48:34', 'oUoUr5B6thWN3G4wEmCylr9xSmos', 'df50c3c2ce9b463f9716b3ba86650157'), ('2018-09-11 15:02:02', 'oUoUr5B6thWN3G4wEmCylr9xSmos', 'e005bdd7639847c4a5e99f3b9a618e9a'), ('2018-09-12 10:39:33', 'oUoUr5B6thWN3G4wEmCylr9xSmos', 'e26db1949bbb43238b9b69b96666285a'), ('2018-09-11 16:50:42', 'oUoUr5B6thWN3G4wEmCylr9xSmos', 'e2b38d60de304e17b2dbd2742432cba4'), ('2018-09-12 17:30:03', 'oUoUr5B6thWN3G4wEmCylr9xSmos', 'e4392347202e43888a446774264837e5'), ('2018-09-11 09:59:15', 'oUoUr5ADKQt5Zr8gUCor6lAJGMJk', 'e482571a006542879249e567acd7e6fa'), ('2018-09-11 15:38:22', 'oUoUr5B6thWN3G4wEmCylr9xSmos', 'e50c73144d814c2b853df24b045ab0f4'), ('2018-09-11 10:20:44', 'oUoUr5B6thWN3G4wEmCylr9xSmos', 'e7b1b9b600b74611b991a89377a7557b'), ('2018-09-12 17:24:15', 'oUoUr5ADKQt5Zr8gUCor6lAJGMJk', 'ea259a45442849a8adcb13a2c3602155'), ('2018-09-11 15:42:22', 'oUoUr5B6thWN3G4wEmCylr9xSmos', 'eb8a23d09a2a4c7fb50fa7aad82c9145'), ('2018-09-11 17:32:41', 'oUoUr5B6thWN3G4wEmCylr9xSmos', 'f5b0c0874b2c4043b1e386b9f0c9a68a'), ('2018-09-12 17:30:14', 'oUoUr5B6thWN3G4wEmCylr9xSmos', 'f61be928c7ec4dc0aeb7a31fa321e771'), ('2018-09-12 17:24:38', 'oUoUr5B6thWN3G4wEmCylr9xSmos', 'f7745852f1dd4ffebdc936a0a0a7fc38'), ('2018-09-10 21:51:08', 'oUoUr5ADKQt5Zr8gUCor6lAJGMJk', 'fa966e788e8c42449b789edffc8692e0'), ('2018-09-11 16:50:33', 'oUoUr5B6thWN3G4wEmCylr9xSmos', 'fc2385bbf1db4c99be267ffb6b805c11'), ('2018-09-12 17:23:49', 'oUoUr5ADKQt5Zr8gUCor6lAJGMJk', 'fd545ec142ee489e939b3bb6ee6ebb64');
COMMIT;

-- ----------------------------
--  Table structure for `S_SCORE`
-- ----------------------------
DROP TABLE IF EXISTS `S_SCORE`;
CREATE TABLE `S_SCORE` (
  `score` int(10) DEFAULT NULL,
  `id` varchar(32) NOT NULL,
  `open_id` varchar(32) DEFAULT NULL,
  `time` int(10) DEFAULT NULL,
  `create_time` datetime DEFAULT NULL,
  PRIMARY KEY (`id`)
) ENGINE=InnoDB DEFAULT CHARSET=utf8;

-- ----------------------------
--  Records of `S_SCORE`
-- ----------------------------
BEGIN;
INSERT INTO `S_SCORE` VALUES ('0', '02c22d5cb99d4b25ab127497f1dda4a1', 'oUoUr5B6thWN3G4wEmCylr9xSmos', '1536720130', '2018-09-12 10:42:12'), ('30', '051defa534f74bd78b2050ccbc0c844c', 'oUoUr5ADKQt5Zr8gUCor6lAJGMJk', '21', '2018-09-11 09:59:39'), ('0', '07a8e04140264bc288458ebd15758106', 'oUoUr5B6thWN3G4wEmCylr9xSmos', '1536719998', '2018-09-12 10:39:59'), ('40', '0c1ad2925e5f41e1ad2778799a7da047', 'oUoUr5ADKQt5Zr8gUCor6lAJGMJk', '68', '2018-09-11 10:00:26'), ('30', '1111503d84da41b88945033921e35f21', 'oUoUr5B6thWN3G4wEmCylr9xSmos', '17', '2018-09-12 17:31:09'), ('30', '1515d8e9ea6e43e6bb6b4273769d84b2', 'oUoUr5B6thWN3G4wEmCylr9xSmos', '17', '2018-09-12 17:31:09'), ('0', '18b1b39ba69349f298f4911e89b54ce5', 'oUoUr5B6thWN3G4wEmCylr9xSmos', '1536719849', '2018-09-12 10:37:30'), ('0', '1c2e4101a11b4257968acdf4ac05dac8', 'oUoUr5B6thWN3G4wEmCylr9xSmos', '1536719177', '2018-09-12 10:26:19'), ('0', '2312bcebf2474950a4ab8b399cc608f7', 'oUoUr5B6thWN3G4wEmCylr9xSmos', '1536720157', '2018-09-12 10:42:39'), ('0', '2556a3894de441ec8112d973ad9c6b9c', 'oUoUr5B6thWN3G4wEmCylr9xSmos', '1536655932', '2018-09-11 16:52:13'), ('90', '26469134b04941618f5bb5d8f8907ad6', 'oUoUr5B6thWN3G4wEmCylr9xSmos', '32', '2018-09-12 10:34:16'), ('30', '27564488eef34c3882ccf07e0203966a', 'oUoUr5B6thWN3G4wEmCylr9xSmos', '17', '2018-09-12 17:31:10'), ('0', '2a8faa4b419b4431a2f44c36738af1ba', 'oUoUr5B6thWN3G4wEmCylr9xSmos', '1536655833', '2018-09-11 16:50:34'), ('0', '2b789735fa5c4f2db6785fe530eccc65', 'oUoUr5B6thWN3G4wEmCylr9xSmos', '1536655823', '2018-09-11 16:50:24'), ('40', '2cf8cc4462044480ad29fce1fc6914fd', 'oUoUr5ADKQt5Zr8gUCor6lAJGMJk', '66', '2018-09-11 10:00:24'), ('60', '33e2053983544c6d93d520655a4afc21', 'oUoUr5ADKQt5Zr8gUCor6lAJGMJk', '86', '2018-09-11 10:00:44'), ('0', '3440398a367946a19ac6ae95f0007faf', 'oUoUr5B6thWN3G4wEmCylr9xSmos', '1536655895', '2018-09-11 16:51:36'), ('60', '349a3af1feb04b5fa9074c5ee944d1b9', 'oUoUr5B6thWN3G4wEmCylr9xSmos', '16', '2018-09-11 09:24:01'), ('140', '35bafe3a2610435589e68d43fdd9a0b0', 'oUoUr5B6thWN3G4wEmCylr9xSmos', '243', '2018-09-13 14:20:59'), ('0', '36b6b3e399c1446d804a9c8b3ad263cc', 'oUoUr5B6thWN3G4wEmCylr9xSmos', '1536719972', '2018-09-12 10:39:34'), ('30', '3adabb90e0ec4aaab1f9e46d9f288a71', 'oUoUr5B6thWN3G4wEmCylr9xSmos', '17', '2018-09-12 17:31:09'), ('0', '3cfaaf78f2444e35aca5e5a8037e7173', 'oUoUr5B6thWN3G4wEmCylr9xSmos', '1536656237', '2018-09-11 16:57:18'), ('50', '403e7c6541d741d9a3b2de13e16735e2', 'oUoUr5ADKQt5Zr8gUCor6lAJGMJk', '26', '2018-09-11 17:26:52'), ('70', '42d88636b1624e43b91792c1cdf3b3bf', 'oUoUr5B6thWN3G4wEmCylr9xSmos', '22', '2018-09-12 17:30:37'), ('0', '4492eb6db6154b63b1da70107d6a70b0', 'oUoUr5B6thWN3G4wEmCylr9xSmos', '1536720190', '2018-09-12 10:43:12'), ('0', '45a3f1ce6d624a3099c92ba0a5e0702f', 'oUoUr5B6thWN3G4wEmCylr9xSmos', '1536656179', '2018-09-11 16:56:20'), ('0', '47fdba842ce149309e8d5f4a449f0027', 'oUoUr5B6thWN3G4wEmCylr9xSmos', '1536719964', '2018-09-12 10:39:26'), ('40', '48d109fc778347e1827f84bd087a3d9d', 'oUoUr5B6thWN3G4wEmCylr9xSmos', '29', '2018-09-11 13:58:27'), ('10', '4b22d91882a84360b1f8d01115d38dad', 'oUoUr5ADKQt5Zr8gUCor6lAJGMJk', '26', '2018-09-10 21:48:58'), ('60', '4b2552a43797437d82a63b4c4fc8c6f1', 'oUoUr5B6thWN3G4wEmCylr9xSmos', '35', '2018-09-11 15:38:59'), ('0', '4ced76aaf1b9444ead586dd68d9de4c3', 'oUoUr5B6thWN3G4wEmCylr9xSmos', '1536719822', '2018-09-12 10:37:04'), ('0', '573d8f2509244b3c8c15e00579a5f70b', 'oUoUr5B6thWN3G4wEmCylr9xSmos', '1536656287', '2018-09-11 16:58:09'), ('30', '586fc2ee45ef495cb27b5116aec02954', 'oUoUr5B6thWN3G4wEmCylr9xSmos', '26', '2018-09-12 10:48:39'), ('0', '5de8493fc31e44ba8ff436910c8994b6', 'oUoUr5B6thWN3G4wEmCylr9xSmos', '1536719983', '2018-09-12 10:39:45'), ('80', '5e2793f216564b37b1ece25226aeae89', 'oUoUr5ADKQt5Zr8gUCor6lAJGMJk', '90', '2018-09-11 10:00:48'), ('50', '64282086ef1a4b8cbc15a9e75c6ec56c', 'oUoUr5B6thWN3G4wEmCylr9xSmos', '26', '2018-09-12 10:44:14'), ('0', '66f2af0641a64758b97c71f425f8c870', 'oUoUr5B6thWN3G4wEmCylr9xSmos', '1536719875', '2018-09-12 10:37:57'), ('90', '76d7fe76668d401a8414583fb31b72ae', 'oUoUr5B6thWN3G4wEmCylr9xSmos', '28', '2018-09-11 17:35:13'), ('50', '7955193a39c242e4a3c5e4244032c90f', 'oUoUr5ADKQt5Zr8gUCor6lAJGMJk', '85', '2018-09-11 10:00:43'), ('0', '7dfd97bc003641bb9c261e74a7827a9b', 'oUoUr5B6thWN3G4wEmCylr9xSmos', '1536655841', '2018-09-11 16:50:42'), ('0', '801314bdd3a64c29a58ce2282d87cd86', 'oUoUr5B6thWN3G4wEmCylr9xSmos', '1536719954', '2018-09-12 10:39:16'), ('0', '9142b434d07b4e9a9b457ecbcbe779a6', 'oUoUr5B6thWN3G4wEmCylr9xSmos', '1536719862', '2018-09-12 10:37:44'), ('0', '972ffd6c64d2409ca214cf4d07e8ba20', 'oUoUr5B6thWN3G4wEmCylr9xSmos', '1536720068', '2018-09-12 10:41:09'), ('90', '9d87ab33e17a4a51a62f4c7ced838c52', 'oUoUr5B6thWN3G4wEmCylr9xSmos', '31', '2018-09-12 10:45:24'), ('60', 'ac6d339d938f47b4af77d03f3437842f', 'oUoUr5B6thWN3G4wEmCylr9xSmos', '25', '2018-09-11 17:31:44'), ('50', 'ae67fd46ec3f41c79fa7df41657a5745', 'oUoUr5B6thWN3G4wEmCylr9xSmos', '32', '2018-09-11 15:00:21'), ('100', 'aec7a4363fd849ba96a1e40bc4d8c062', 'oUoUr5B6thWN3G4wEmCylr9xSmos', '31', '2018-09-12 10:35:02'), ('0', 'b31e0222b0654a968e0eaa501925f391', 'oUoUr5B6thWN3G4wEmCylr9xSmos', '1536655849', '2018-09-11 16:50:50'), ('30', 'b5314bd171c746b0b142bcf1b5517e85', 'oUoUr5ADKQt5Zr8gUCor6lAJGMJk', '14', '2018-09-10 21:49:38'), ('90', 'b772bc796506435ca075164607089bec', 'oUoUr5ADKQt5Zr8gUCor6lAJGMJk', '94', '2018-09-11 10:00:52'), ('0', 'b893b5668508484293241273eff9da14', 'oUoUr5B6thWN3G4wEmCylr9xSmos', '1536720011', '2018-09-12 10:40:13'), ('0', 'bb4f83947da441a89e2f9881b69a8b92', 'oUoUr5B6thWN3G4wEmCylr9xSmos', '1536655879', '2018-09-11 16:51:20'), ('0', 'c0bf08d953124691964a703d1cc81716', 'oUoUr5B6thWN3G4wEmCylr9xSmos', '1536655411', '2018-09-11 16:43:32'), ('0', 'c1d11595669e4533966aa950fd644264', 'oUoUr5B6thWN3G4wEmCylr9xSmos', '1536719933', '2018-09-12 10:38:55'), ('0', 'c2fd7ea6db424e8c9f223e9bfe3ac23a', 'oUoUr5B6thWN3G4wEmCylr9xSmos', '1536820414', '2018-09-13 14:33:35'), ('50', 'c7d12ddfb340443f95259d4719748bec', 'oUoUr5B6thWN3G4wEmCylr9xSmos', '52', '2018-09-11 10:21:40'), ('100', 'c9e9378b15d54802bf4a9a72acdee753', 'oUoUr5B6thWN3G4wEmCylr9xSmos', '44', '2018-09-11 17:33:27'), ('20', 'ca87719e2ba747fc9b196e233d1e7cea', 'oUoUr5ADKQt5Zr8gUCor6lAJGMJk', '16', '2018-09-10 21:51:25'), ('0', 'ce32f60b524a44f68e460e802c540660', 'oUoUr5B6thWN3G4wEmCylr9xSmos', '1536720112', '2018-09-12 10:41:53'), ('70', 'cffefd320c724f0390bd85492dd43ca4', 'oUoUr5ADKQt5Zr8gUCor6lAJGMJk', '88', '2018-09-11 10:00:46'), ('0', 'd46229dee39d42a79b33d71b85ba1cde', 'oUoUr5B6thWN3G4wEmCylr9xSmos', '1536655699', '2018-09-11 16:48:20'), ('50', 'd5aded3c966c43dd8c2957d025df004a', 'oUoUr5B6thWN3G4wEmCylr9xSmos', '25', '2018-09-11 16:59:54'), ('40', 'd75df95f467c43b3a3bec39a9e2612fd', 'oUoUr5ADKQt5Zr8gUCor6lAJGMJk', '83', '2018-09-11 10:00:41'), ('0', 'd7f18f14d3bd44c2881ce0dd477f6576', 'oUoUr5B6thWN3G4wEmCylr9xSmos', '1536655714', '2018-09-11 16:48:35'), ('40', 'da97188554a54c5fb8a281bb49d12e8e', 'oUoUr5ADKQt5Zr8gUCor6lAJGMJk', '78', '2018-09-11 10:00:36'), ('0', 'e6dcc522a3cb413995570a593288008d', 'oUoUr5B6thWN3G4wEmCylr9xSmos', '1536655949', '2018-09-11 16:52:30'), ('40', 'f382b27b43a34186ac4e9edd26523519', 'oUoUr5B6thWN3G4wEmCylr9xSmos', '33', '2018-09-12 10:35:41'), ('30', 'fb28d8669d5d4e8a98e6dd90201bdf27', 'oUoUr5B6thWN3G4wEmCylr9xSmos', '18', '2018-09-12 17:31:10'), ('0', 'fcb560e77ea1404280c3d5642520aaf8', 'oUoUr5B6thWN3G4wEmCylr9xSmos', '1536655780', '2018-09-11 16:49:41'), ('0', 'fece896bf66a422a8cfd76ae5fd22e38', 'oUoUr5B6thWN3G4wEmCylr9xSmos', '1536655654', '2018-09-11 16:47:35'), ('0', 'fee11f7af017469aac5b220ffafe0f22', 'oUoUr5B6thWN3G4wEmCylr9xSmos', '1536656055', '2018-09-11 16:54:16');
COMMIT;

-- ----------------------------
--  Table structure for `S_USER`
-- ----------------------------
DROP TABLE IF EXISTS `S_USER`;
CREATE TABLE `S_USER` (
  `open_id` varchar(32) NOT NULL,
  `union_id` varchar(32) DEFAULT NULL,
  `nick_name` varchar(32) DEFAULT NULL,
  `avatar_url` varchar(250) DEFAULT NULL,
  `real_name` varchar(32) DEFAULT NULL,
  `phone` varchar(20) DEFAULT NULL,
  `gender` varchar(3) DEFAULT NULL,
  `country` varchar(20) DEFAULT NULL,
  `city` varchar(20) DEFAULT NULL,
  `province` varchar(20) DEFAULT NULL,
  PRIMARY KEY (`open_id`)
) ENGINE=InnoDB DEFAULT CHARSET=utf8;

-- ----------------------------
--  Records of `S_USER`
-- ----------------------------
BEGIN;
INSERT INTO `S_USER` VALUES ('oUoUr5ADKQt5Zr8gUCor6lAJGMJk', null, '李恒昌', 'https://wx.qlogo.cn/mmopen/vi_32/DYAIOgq83eoWibTvszsgHbA1xCbp5s32SicyOIPdjzjlVOFygM8qVvibeHaVCQZIDXCWstuQ6CuTp31iah7wm6IwCQ/132', '李恒昌', '18530985730', '1', 'China', 'Zhengzhou', 'Henan'), ('oUoUr5B6thWN3G4wEmCylr9xSmos', null, 'Luffy', 'https://wx.qlogo.cn/mmopen/vi_32/DYAIOgq83eqXS207vDgACRrF4IMTiag0zicFgv8lfQkVt1RY6zvL3Cmmj9hZ43TURRiaL8lcVljbn4FnsNkib5CsCA/132', '二位人', '1234567890', '2', 'Iceland', '', '');
COMMIT;

SET FOREIGN_KEY_CHECKS = 1;
